ticker,name,sector,industry,volatility,market_cap,tags
MMM,3M Company,Industrials,Conglomerates,0.36096426780900637,82963292160,"Industrials, Conglomerates"
AOS,A.O. Smith Corporation,Industrials,Specialty Industrial Machinery,0.25943246816757853,10021525504,"Industrials, Specialty Industrial Machinery"
ABT,Abbott Laboratories,Healthcare,Medical Devices,0.2109139127934577,235887509504,"Healthcare, Medical Devices"
ABBV,AbbVie Inc.,Healthcare,Drug Manufacturers - General,0.2838771157596592,327985332224,"Healthcare, Drug Manufacturers - General"
ACN,Accenture plc,Technology,Information Technology Services,0.2719370584885878,199896350720,"Technology, Information Technology Services"
ADBE,Adobe Inc.,Technology,Software - Application,0.3724972394356846,179293814784,"Technology, Software - Application"
AMD,"Advanced Micro Devices, Inc.",Technology,Semiconductors,0.5324681031237113,186039435264,"Technology, Semiconductors"
AES,The AES Corporation,Utilities,Utilities - Diversified,0.4397596768818579,8343737856,"Utilities, Utilities - Diversified"
AFL,AFLAC Incorporated,Financial Services,Insurance - Life,0.22480430822653935,57535438848,"Financial Services, Insurance - Life"
A,"Agilent Technologies, Inc.",Healthcare,Diagnostics & Research,0.3072134184853383,32350638080,"Healthcare, Diagnostics & Research"
APD,"Air Products and Chemicals, Inc",Basic Materials,Specialty Chemicals,0.2795901322085703,61724798976,"Basic Materials, Specialty Chemicals"
ABNB,"Airbnb, Inc.",Consumer Cyclical,Travel Services,0.41363415522322716,84311302144,"Consumer Cyclical, Travel Services"
AKAM,"Akamai Technologies, Inc.",Technology,Software - Infrastructure,0.4152882318851858,11385061376,"Technology, Software - Infrastructure"
ALB,Albemarle Corporation,Basic Materials,Specialty Chemicals,0.580591009278693,6973178880,"Basic Materials, Specialty Chemicals"
ARE,Alexandria Real Estate Equities,Real Estate,REIT - Office,0.28811737100650237,12813294592,"Real Estate, REIT - Office"
ALGN,"Align Technology, Inc.",Healthcare,Medical Instruments & Supplies,0.4061916043553603,13398089728,"Healthcare, Medical Instruments & Supplies"
ALLE,Allegion plc,Industrials,Security & Protection Services,0.25056018144127573,12434982912,"Industrials, Security & Protection Services"
LNT,Alliant Energy Corporation,Utilities,Utilities - Regulated Electric,0.195720158642311,16206307328,"Utilities, Utilities - Regulated Electric"
ALL,Allstate Corporation (The),Financial Services,Insurance - Property & Casualty,0.2589140894473529,55617077248,"Financial Services, Insurance - Property & Casualty"
GOOGL,Alphabet Inc.,Communication Services,Internet Content & Information,0.31315738229490303,2027707695104,"Communication Services, Internet Content & Information"
GOOG,Alphabet Inc.,Communication Services,Internet Content & Information,0.31129052715884264,2028759285760,"Communication Services, Internet Content & Information"
MO,"Altria Group, Inc.",Consumer Defensive,Tobacco,0.194330184373037,100174249984,"Consumer Defensive, Tobacco"
AMZN,"Amazon.com, Inc.",Consumer Cyclical,Internet Retail,0.34664975029909645,2188677087232,"Consumer Cyclical, Internet Retail"
AMCR,Amcor plc,Consumer Cyclical,Packaging & Containers,0.230427889439058,21653161984,"Consumer Cyclical, Packaging & Containers"
AEE,Ameren Corporation,Utilities,Utilities - Regulated Electric,0.1914113073658436,26833309696,"Utilities, Utilities - Regulated Electric"
AEP,American Electric Power Company,Utilities,Utilities - Regulated Electric,0.19784501387653958,55438757888,"Utilities, Utilities - Regulated Electric"
AXP,American Express Company,Financial Services,Credit Services,0.3221807909192015,209703813120,"Financial Services, Credit Services"
AIG,"American International Group, I",Financial Services,Insurance - Diversified,0.2443678960320218,48619196416,"Financial Services, Insurance - Diversified"
AMT,American Tower Corporation (REI,Real Estate,REIT - Specialty,0.2784695761214123,100738613248,"Real Estate, REIT - Specialty"
AWK,"American Water Works Company, I",Utilities,Utilities - Regulated Water,0.2423378093373004,28027125760,"Utilities, Utilities - Regulated Water"
AMP,"Ameriprise Financial, Inc.",Financial Services,Asset Management,0.2998054757252059,49714823168,"Financial Services, Asset Management"
AME,"AMETEK, Inc.",Industrials,Specialty Industrial Machinery,0.25336067492136716,42003816448,"Industrials, Specialty Industrial Machinery"
AMGN,Amgen Inc.,Healthcare,Drug Manufacturers - General,0.25637712820820885,148326203392,"Healthcare, Drug Manufacturers - General"
APH,Amphenol Corporation,Technology,Electronic Components,0.3812242788737218,104709914624,"Technology, Electronic Components"
ADI,"Analog Devices, Inc.",Technology,Semiconductors,0.4307759189176963,111366447104,"Technology, Semiconductors"
ANSS,"ANSYS, Inc.",Technology,Software - Application,0.2534744201746902,30241380352,"Technology, Software - Application"
AON,Aon plc,Financial Services,Insurance Brokers,0.21504961409996112,78805147648,"Financial Services, Insurance Brokers"
APA,APA Corporation,Energy,Oil & Gas E&P,0.5134536432372168,6248031232,"Energy, Oil & Gas E&P"
APO,"Apollo Global Management, Inc. ",Financial Services,Asset Management,0.4410839770742081,81529339904,"Financial Services, Asset Management"
AAPL,Apple Inc.,Technology,Consumer Electronics,0.3302167642576795,3118296203264,"Technology, Consumer Electronics"
AMAT,"Applied Materials, Inc.",Technology,Semiconductor Equipment & Materials,0.48749674523806447,134816464896,"Technology, Semiconductor Equipment & Materials"
APTV,Aptiv PLC,Consumer Cyclical,Auto Parts,0.4060490094299783,14655406080,"Consumer Cyclical, Auto Parts"
ACGL,Arch Capital Group Ltd.,Financial Services,Insurance - Diversified,0.2606668335890772,35661688832,"Financial Services, Insurance - Diversified"
ADM,Archer-Daniels-Midland Company,Consumer Defensive,Farm Products,0.2690048666636893,24032108544,"Consumer Defensive, Farm Products"
ANET,"Arista Networks, Inc.",Technology,Computer Hardware,0.5307101981157514,121461276672,"Technology, Computer Hardware"
AJG,Arthur J. Gallagher & Co.,Financial Services,Insurance Brokers,0.22105701561311716,88014118912,"Financial Services, Insurance Brokers"
AIZ,"Assurant, Inc.",Financial Services,Insurance - Property & Casualty,0.24618845233519113,10313101312,"Financial Services, Insurance - Property & Casualty"
T,AT&T Inc.,Communication Services,Telecom Services,0.23703431825740837,201693380608,"Communication Services, Telecom Services"
ATO,Atmos Energy Corporation,Utilities,Utilities - Regulated Gas,0.17241939996205224,25393305600,"Utilities, Utilities - Regulated Gas"
ADSK,"Autodesk, Inc.",Technology,Software - Application,0.292904854646039,63306321920,"Technology, Software - Application"
ADP,"Automatic Data Processing, Inc.",Technology,Software - Application,0.19135210633567035,131096887296,"Technology, Software - Application"
AZO,"AutoZone, Inc.",Consumer Cyclical,Auto Parts,0.21682094616901407,64854327296,"Consumer Cyclical, Auto Parts"
AVB,"AvalonBay Communities, Inc.",Real Estate,REIT - Residential,0.21838468401428157,29715048448,"Real Estate, REIT - Residential"
AVY,Avery Dennison Corporation,Consumer Cyclical,Packaging & Containers,0.2273599270686442,14349913088,"Consumer Cyclical, Packaging & Containers"
AXON,"Axon Enterprise, Inc.",Industrials,Aerospace & Defense,0.5665257592212307,57788276736,"Industrials, Aerospace & Defense"
BKR,Baker Hughes Company,Energy,Oil & Gas Equipment & Services,0.3619669056588368,37559332864,"Energy, Oil & Gas Equipment & Services"
BALL,Ball Corporation,Consumer Cyclical,Packaging & Containers,0.2616076320785877,15072119808,"Consumer Cyclical, Packaging & Containers"
BAC,Bank of America Corporation,Financial Services,Banks - Diversified,0.29038747815168037,337126948864,"Financial Services, Banks - Diversified"
BAX,Baxter International Inc.,Healthcare,Medical Instruments & Supplies,0.3296632679262296,16164088832,"Healthcare, Medical Instruments & Supplies"
BDX,"Becton, Dickinson and Company",Healthcare,Medical Instruments & Supplies,0.2837638411417936,50762403840,"Healthcare, Medical Instruments & Supplies"
BRK.B,N/A,Unknown,Unknown,0.3,0,"Unknown, Unknown"
BBY,"Best Buy Co., Inc.",Consumer Cyclical,Specialty Retail,0.44418138077808383,15158834176,"Consumer Cyclical, Specialty Retail"
TECH,Bio-Techne Corp,Healthcare,Biotechnology,0.4000897068280368,7725477888,"Healthcare, Biotechnology"
BIIB,Biogen Inc.,Healthcare,Drug Manufacturers - General,0.28615237581447744,18966585344,"Healthcare, Drug Manufacturers - General"
BLK,"BlackRock, Inc.",Financial Services,Asset Management,0.26092983483855126,153961431040,"Financial Services, Asset Management"
BX,Blackstone Inc.,Financial Services,Asset Management,0.38480578756894435,176532226048,"Financial Services, Asset Management"
BK,The Bank of New York Mellon Cor,Financial Services,Banks - Diversified,0.24636442959726404,64632303616,"Financial Services, Banks - Diversified"
BA,Boeing Company (The),Industrials,Aerospace & Defense,0.39877249154454125,154759741440,"Industrials, Aerospace & Defense"
BKNG,Booking Holdings Inc. Common St,Consumer Cyclical,Travel Services,0.2940801490276682,175001731072,"Consumer Cyclical, Travel Services"
BSX,Boston Scientific Corporation,Healthcare,Medical Devices,0.2233439494179267,157798137856,"Healthcare, Medical Devices"
BMY,Bristol-Myers Squibb Company,Healthcare,Drug Manufacturers - General,0.3161184513311392,96116826112,"Healthcare, Drug Manufacturers - General"
AVGO,Broadcom Inc.,Technology,Semiconductors,0.6331483636401113,1084410757120,"Technology, Semiconductors"
BR,"Broadridge Financial Solutions,",Technology,Information Technology Services,0.21411177140415077,28503572480,"Technology, Information Technology Services"
BRO,"Brown & Brown, Inc.",Financial Services,Insurance Brokers,0.2152620403202985,32099469312,"Financial Services, Insurance Brokers"
BF.B,N/A,Unknown,Unknown,0.3,0,"Unknown, Unknown"
BLDR,"Builders FirstSource, Inc.",Industrials,Building Products & Equipment,0.43516415796077756,12994354176,"Industrials, Building Products & Equipment"
BG,Bunge Limited,Consumer Defensive,Farm Products,0.27752563682555004,10796417024,"Consumer Defensive, Farm Products"
BXP,"BXP, Inc.",Real Estate,REIT - Office,0.3145097018223693,12000850944,"Real Estate, REIT - Office"
CHRW,"C.H. Robinson Worldwide, Inc.",Industrials,Integrated Freight & Logistics,0.30105320274514624,11882598400,"Industrials, Integrated Freight & Logistics"
CDNS,"Cadence Design Systems, Inc.",Technology,Software - Application,0.41736266834826397,87455342592,"Technology, Software - Application"
CZR,"Caesars Entertainment, Inc.",Consumer Cyclical,Resorts & Casinos,0.4991532443348103,6149613568,"Consumer Cyclical, Resorts & Casinos"
CPT,Camden Property Trust,Real Estate,REIT - Residential,0.22002041941291903,12721200128,"Real Estate, REIT - Residential"
CPB,The Campbell's Company,Consumer Defensive,Packaged Foods,0.24641967268587728,10579497984,"Consumer Defensive, Packaged Foods"
COF,Capital One Financial Corporati,Financial Services,Credit Services,0.4036742348235363,75669749760,"Financial Services, Credit Services"
CAH,"Cardinal Health, Inc.",Healthcare,Medical Distribution,0.22221811971420238,36732387328,"Healthcare, Medical Distribution"
KMX,CarMax Inc,Consumer Cyclical,Auto & Truck Dealerships,0.3765021942934299,10355734528,"Consumer Cyclical, Auto & Truck Dealerships"
CCL,Carnival Corporation,Consumer Cyclical,Travel Services,0.504038522912819,31690174464,"Consumer Cyclical, Travel Services"
CARR,Carrier Global Corporation,Industrials,Building Products & Equipment,0.3346017008348182,65005531136,"Industrials, Building Products & Equipment"
CAT,"Caterpillar, Inc.",Industrials,Farm & Heavy Construction Machinery,0.30786199963226696,165837766656,"Industrials, Farm & Heavy Construction Machinery"
CBOE,"Cboe Global Markets, Inc.",Financial Services,Financial Data & Stock Exchanges,0.2332479682797363,23469324288,"Financial Services, Financial Data & Stock Exchanges"
CBRE,CBRE Group Inc,Real Estate,Real Estate Services,0.3075960256748292,38905679872,"Real Estate, Real Estate Services"
CDW,CDW Corporation,Technology,Information Technology Services,0.32469293093113943,24762046464,"Technology, Information Technology Services"
COR,"Cencora, Inc.",Healthcare,Medical Distribution,0.20780240005394968,56739745792,"Healthcare, Medical Distribution"
CNC,Centene Corporation,Healthcare,Healthcare Plans,0.34433413023956194,30627465216,"Healthcare, Healthcare Plans"
CNP,"CenterPoint Energy, Inc (Holdin",Utilities,Utilities - Regulated Electric,0.21004654802550451,24581736448,"Utilities, Utilities - Regulated Electric"
CF,"CF Industries Holdings, Inc.",Basic Materials,Agricultural Inputs,0.31738016634790595,14193695744,"Basic Materials, Agricultural Inputs"
CRL,Charles River Laboratories Inte,Healthcare,Diagnostics & Research,0.5394177320437658,6944959488,"Healthcare, Diagnostics & Research"
SCHW,Charles Schwab Corporation (The,Financial Services,Capital Markets,0.30365425115381245,162073722880,"Financial Services, Capital Markets"
CHTR,"Charter Communications, Inc.",Communication Services,Telecom Services,0.40386137476280126,58760581120,"Communication Services, Telecom Services"
CVX,Chevron Corporation,Energy,Oil & Gas Integrated,0.2532628006422532,239913861120,"Energy, Oil & Gas Integrated"
CMG,"Chipotle Mexican Grill, Inc.",Consumer Cyclical,Restaurants,0.3430199653198436,70433243136,"Consumer Cyclical, Restaurants"
CB,Chubb Limited,Financial Services,Insurance - Property & Casualty,0.2054285141265582,118021824512,"Financial Services, Insurance - Property & Casualty"
CHD,"Church & Dwight Company, Inc.",Consumer Defensive,Household & Personal Products,0.2105532768353464,23640127488,"Consumer Defensive, Household & Personal Products"
CI,The Cigna Group,Healthcare,Healthcare Plans,0.27743770626431724,85985320960,"Healthcare, Healthcare Plans"
CINF,Cincinnati Financial Corporatio,Financial Services,Insurance - Property & Casualty,0.25342716537237625,23594088448,"Financial Services, Insurance - Property & Casualty"
CTAS,Cintas Corporation,Industrials,Specialty Business Services,0.2524942791931363,90056613888,"Industrials, Specialty Business Services"
CSCO,"Cisco Systems, Inc.",Technology,Communication Equipment,0.23180717434889023,254292279296,"Technology, Communication Equipment"
C,"Citigroup, Inc.",Financial Services,Banks - Diversified,0.3435687412176933,142199635968,"Financial Services, Banks - Diversified"
CFG,"Citizens Financial Group, Inc.",Financial Services,Banks - Regional,0.35557729768203955,18039797760,"Financial Services, Banks - Regional"
CLX,Clorox Company (The),Consumer Defensive,Household & Personal Products,0.21652878423363164,16620667904,"Consumer Defensive, Household & Personal Products"
CME,CME Group Inc.,Financial Services,Financial Data & Stock Exchanges,0.1809267129418918,100158185472,"Financial Services, Financial Data & Stock Exchanges"
CMS,CMS Energy Corporation,Utilities,Utilities - Regulated Electric,0.1768739665773183,21527955456,"Utilities, Utilities - Regulated Electric"
KO,Coca-Cola Company (The),Consumer Defensive,Beverages - Non-Alcoholic,0.1710326183055305,309649178624,"Consumer Defensive, Beverages - Non-Alcoholic"
CTSH,Cognizant Technology Solutions ,Technology,Information Technology Services,0.25180098031571224,40209281024,"Technology, Information Technology Services"
COIN,"Coinbase Global, Inc.",Financial Services,Financial Data & Stock Exchanges,0.8604536688546992,67239567360,"Financial Services, Financial Data & Stock Exchanges"
CL,Colgate-Palmolive Company,Consumer Defensive,Household & Personal Products,0.2056741955945797,74347929600,"Consumer Defensive, Household & Personal Products"
CMCSA,Comcast Corporation,Communication Services,Telecom Services,0.2821627626541746,132322328576,"Communication Services, Telecom Services"
CAG,"ConAgra Brands, Inc.",Consumer Defensive,Packaged Foods,0.24105407042270202,10979325952,"Consumer Defensive, Packaged Foods"
COP,ConocoPhillips,Energy,Oil & Gas E&P,0.32842622272924965,114121867264,"Energy, Oil & Gas E&P"
ED,"Consolidated Edison, Inc.",Utilities,Utilities - Regulated Electric,0.2024708621068054,37971595264,"Utilities, Utilities - Regulated Electric"
STZ,"Constellation Brands, Inc.",Consumer Defensive,Beverages - Brewers,0.2912132758528029,34338146304,"Consumer Defensive, Beverages - Brewers"
CEG,Constellation Energy Corporatio,Utilities,Utilities - Renewable,0.7029076952529562,92150857728,"Utilities, Utilities - Renewable"
COO,"The Cooper Companies, Inc.",Healthcare,Medical Instruments & Supplies,0.28917957028892494,16378477568,"Healthcare, Medical Instruments & Supplies"
CPRT,"Copart, Inc.",Industrials,Specialty Business Services,0.2430749735848582,61279277056,"Industrials, Specialty Business Services"
GLW,Corning Incorporated,Technology,Electronic Components,0.3446377186353886,41230512128,"Technology, Electronic Components"
CPAY,"Corpay, Inc.",Technology,Software - Infrastructure,0.33882133123386576,24595146752,"Technology, Software - Infrastructure"
CTVA,"Corteva, Inc.",Basic Materials,Agricultural Inputs,0.2668373369483427,46940114944,"Basic Materials, Agricultural Inputs"
CSGP,"CoStar Group, Inc.",Real Estate,Real Estate Services,0.31829513466222337,32447332352,"Real Estate, Real Estate Services"
COST,Costco Wholesale Corporation,Consumer Defensive,Discount Stores,0.2201774623026958,458919051264,"Consumer Defensive, Discount Stores"
CTRA,Coterra Energy Inc.,Energy,Oil & Gas E&P,0.30075115389796786,18707527680,"Energy, Oil & Gas E&P"
CRWD,"CrowdStrike Holdings, Inc.",Technology,Software - Infrastructure,0.5303594857710522,110676033536,"Technology, Software - Infrastructure"
CCI,Crown Castle Inc.,Real Estate,REIT - Specialty,0.26596954129049427,44843569152,"Real Estate, REIT - Specialty"
CSX,CSX Corporation,Industrials,Railroads,0.2587006160467371,58629545984,"Industrials, Railroads"
CMI,Cummins Inc.,Industrials,Specialty Industrial Machinery,0.3124414074440778,46391750656,"Industrials, Specialty Industrial Machinery"
CVS,CVS Health Corporation,Healthcare,Healthcare Plans,0.3872647723717624,79405309952,"Healthcare, Healthcare Plans"
DHR,Danaher Corporation,Healthcare,Diagnostics & Research,0.29911941568207234,140571901952,"Healthcare, Diagnostics & Research"
DRI,"Darden Restaurants, Inc.",Consumer Cyclical,Restaurants,0.30344187014011526,24420984832,"Consumer Cyclical, Restaurants"
DVA,DaVita Inc.,Healthcare,Medical Care Facilities,0.3164706751190643,10952240128,"Healthcare, Medical Care Facilities"
DECK,Deckers Outdoor Corporation,Consumer Cyclical,Footwear & Accessories,0.4931979658416147,19337525248,"Consumer Cyclical, Footwear & Accessories"
DE,Deere & Company,Industrials,Farm & Heavy Construction Machinery,0.29020976455119624,143803285504,"Industrials, Farm & Heavy Construction Machinery"
DELL,Dell Technologies Inc.,Technology,Computer Hardware,0.5837482052483861,79749267456,"Technology, Computer Hardware"
DAL,"Delta Air Lines, Inc.",Industrials,Airlines,0.4860315768759018,33424766976,"Industrials, Airlines"
DVN,Devon Energy Corporation,Energy,Oil & Gas E&P,0.4043748157717119,20990246912,"Energy, Oil & Gas E&P"
DXCM,"DexCom, Inc.",Healthcare,Medical Devices,0.5881825091996269,34097625088,"Healthcare, Medical Devices"
FANG,"Diamondback Energy, Inc.",Energy,Oil & Gas E&P,0.3931704204792351,40713613312,"Energy, Oil & Gas E&P"
DLR,"Digital Realty Trust, Inc.",Real Estate,REIT - Specialty,0.2871669885784488,58605047808,"Real Estate, REIT - Specialty"
DG,Dollar General Corporation,Consumer Defensive,Discount Stores,0.4698866534086155,21594396672,"Consumer Defensive, Discount Stores"
DLTR,"Dollar Tree, Inc.",Consumer Defensive,Discount Stores,0.48080917021768255,18200918016,"Consumer Defensive, Discount Stores"
DPZ,Domino's Pizza Inc,Consumer Cyclical,Restaurants,0.3110473304048345,17035830272,"Consumer Cyclical, Restaurants"
DASH,"DoorDash, Inc.",Communication Services,Internet Content & Information,0.38931911744479186,85672558592,"Communication Services, Internet Content & Information"
DOV,Dover Corporation,Industrials,Specialty Industrial Machinery,0.2773912823864124,25557557248,"Industrials, Specialty Industrial Machinery"
DOW,Dow Inc.,Basic Materials,Chemicals,0.3526941261371665,21283614720,"Basic Materials, Chemicals"
DHI,"D.R. Horton, Inc.",Consumer Cyclical,Residential Construction,0.33758021173218833,38376120320,"Consumer Cyclical, Residential Construction"
DTE,DTE Energy Company,Utilities,Utilities - Regulated Electric,0.19247788649200423,28755492864,"Utilities, Utilities - Regulated Electric"
DUK,Duke Energy Corporation (Holdin,Utilities,Utilities - Regulated Electric,0.18468103154264445,90931298304,"Utilities, Utilities - Regulated Electric"
DD,"DuPont de Nemours, Inc.",Basic Materials,Specialty Chemicals,0.32385333175698794,28842950656,"Basic Materials, Specialty Chemicals"
EMN,Eastman Chemical Company,Basic Materials,Specialty Chemicals,0.3205100315770815,9486193664,"Basic Materials, Specialty Chemicals"
ETN,"Eaton Corporation, PLC",Industrials,Specialty Industrial Machinery,0.3856139860955821,128851181568,"Industrials, Specialty Industrial Machinery"
EBAY,eBay Inc.,Consumer Cyclical,Internet Retail,0.29000909158292854,33378930688,"Consumer Cyclical, Internet Retail"
ECL,Ecolab Inc.,Basic Materials,Specialty Chemicals,0.2096404940446638,74098950144,"Basic Materials, Specialty Chemicals"
EIX,Edison International,Utilities,Utilities - Regulated Electric,0.3106295638414679,22316312576,"Utilities, Utilities - Regulated Electric"
EW,Edwards Lifesciences Corporatio,Healthcare,Medical Devices,0.41168017051678657,45778264064,"Healthcare, Medical Devices"
EA,Electronic Arts Inc.,Communication Services,Electronic Gaming & Multimedia,0.2855462203839184,37735268352,"Communication Services, Electronic Gaming & Multimedia"
ELV,"Elevance Health, Inc.",Healthcare,Healthcare Plans,0.299198232980703,91234811904,"Healthcare, Healthcare Plans"
EMR,Emerson Electric Company,Industrials,Specialty Industrial Machinery,0.3237874099998122,67263746048,"Industrials, Specialty Industrial Machinery"
ENPH,"Enphase Energy, Inc.",Technology,Solar,0.6572688106077982,6400277504,"Technology, Solar"
ETR,Entergy Corporation,Utilities,Utilities - Regulated Electric,0.2745221566308952,37050269696,"Utilities, Utilities - Regulated Electric"
EOG,"EOG Resources, Inc.",Energy,Oil & Gas E&P,0.29154099808082623,62192427008,"Energy, Oil & Gas E&P"
EPAM,"EPAM Systems, Inc.",Technology,Information Technology Services,0.42282814797681734,10409933824,"Technology, Information Technology Services"
EQT,EQT Corporation,Energy,Oil & Gas E&P,0.3761327170031635,33259661312,"Energy, Oil & Gas E&P"
EFX,"Equifax, Inc.",Industrials,Consulting Services,0.34177369946458047,34842787840,"Industrials, Consulting Services"
EQIX,"Equinix, Inc.",Real Estate,REIT - Specialty,0.24274296654060123,85843017728,"Real Estate, REIT - Specialty"
EQR,Equity Residential,Real Estate,REIT - Residential,0.22732854516228382,27941230592,"Real Estate, REIT - Residential"
ERIE,Erie Indemnity Company,Financial Services,Insurance Brokers,0.3336680707096059,19488968704,"Financial Services, Insurance Brokers"
ESS,"Essex Property Trust, Inc.",Real Estate,REIT - Residential,0.24092513703623025,19782019072,"Real Estate, REIT - Residential"
EL,"Estee Lauder Companies, Inc. (T",Consumer Defensive,Household & Personal Products,0.4970578612453943,23509792768,"Consumer Defensive, Household & Personal Products"
EG,"Everest Group, Ltd.",Financial Services,Insurance - Reinsurance,0.2643778939173671,14783785984,"Financial Services, Insurance - Reinsurance"
EVRG,"Evergy, Inc.",Utilities,Utilities - Regulated Electric,0.16647313190018326,15443708928,"Utilities, Utilities - Regulated Electric"
ES,Eversource Energy (D/B/A),Utilities,Utilities - Regulated Electric,0.2458800694808159,23339968512,"Utilities, Utilities - Regulated Electric"
EXC,Exelon Corporation,Utilities,Utilities - Regulated Electric,0.1991896963958436,44813479936,"Utilities, Utilities - Regulated Electric"
EXE,Expand Energy Corporation,Energy,Oil & Gas E&P,0.2764207870938005,27005857792,"Energy, Oil & Gas E&P"
EXPE,"Expedia Group, Inc.",Consumer Cyclical,Travel Services,0.4414550080989606,21037254656,"Consumer Cyclical, Travel Services"
EXPD,Expeditors International of Was,Industrials,Integrated Freight & Logistics,0.2589891675491181,16179036160,"Industrials, Integrated Freight & Logistics"
EXR,Extra Space Storage Inc,Real Estate,REIT - Industrial,0.25520657930761576,33808601088,"Real Estate, REIT - Industrial"
XOM,Exxon Mobil Corporation,Energy,Oil & Gas Integrated,0.24028572537538317,458847387648,"Energy, Oil & Gas Integrated"
FFIV,"F5, Inc.",Technology,Software - Infrastructure,0.3144211186973206,16408208384,"Technology, Software - Infrastructure"
FDS,FactSet Research Systems Inc.,Financial Services,Financial Data & Stock Exchanges,0.22559319424888008,17849937920,"Financial Services, Financial Data & Stock Exchanges"
FICO,Fair Isaac Corporation,Technology,Software - Application,0.33157911628948805,53698035712,"Technology, Software - Application"
FAST,Fastenal Company,Industrials,Industrial Distribution,0.25929504562622097,47702323200,"Industrials, Industrial Distribution"
FRT,Federal Realty Investment Trust,Real Estate,REIT - Retail,0.2327953086625406,8494812160,"Real Estate, REIT - Retail"
FDX,FedEx Corporation,Industrials,Integrated Freight & Logistics,0.372315746406774,54178127872,"Industrials, Integrated Freight & Logistics"
FIS,Fidelity National Information S,Technology,Information Technology Services,0.26962920376334126,42546491392,"Technology, Information Technology Services"
FITB,Fifth Third Bancorp,Financial Services,Banks - Regional,0.28730307791048604,26372605952,"Financial Services, Banks - Regional"
FSLR,"First Solar, Inc.",Technology,Solar,0.6454860398277646,17686679552,"Technology, Solar"
FE,FirstEnergy Corp.,Utilities,Utilities - Regulated Electric,0.20504566966392468,24731131904,"Utilities, Utilities - Regulated Electric"
FI,"Fiserv, Inc.",Technology,Information Technology Services,0.35295385276851926,93776961536,"Technology, Information Technology Services"
F,Ford Motor Company,Consumer Cyclical,Auto Manufacturers,0.3796048698453327,42747912192,"Consumer Cyclical, Auto Manufacturers"
FTNT,"Fortinet, Inc.",Technology,Software - Infrastructure,0.42468977472177666,80177324032,"Technology, Software - Infrastructure"
FTV,Fortive Corporation,Technology,Scientific & Technical Instruments,0.27014775355099,24682229760,"Technology, Scientific & Technical Instruments"
FOXA,Fox Corporation,Communication Services,Entertainment,0.2619821290674635,24101492736,"Communication Services, Entertainment"
FOX,Fox Corporation,Communication Services,Entertainment,0.26057103879561777,24134023168,"Communication Services, Entertainment"
BEN,"Franklin Resources, Inc.",Financial Services,Asset Management,0.3442387645347855,11671820288,"Financial Services, Asset Management"
FCX,"Freeport-McMoRan, Inc.",Basic Materials,Copper,0.4498532457883828,55724556288,"Basic Materials, Copper"
GRMN,Garmin Ltd.,Technology,Scientific & Technical Instruments,0.406780735760202,39451648000,"Technology, Scientific & Technical Instruments"
IT,"Gartner, Inc.",Technology,Information Technology Services,0.24922164668184496,34598158336,"Technology, Information Technology Services"
GE,GE Aerospace,Industrials,Aerospace & Defense,0.34331658368798407,250910900224,"Industrials, Aerospace & Defense"
GEHC,GE HealthCare Technologies Inc.,Healthcare,Health Information Services,0.3366697911217905,33471391744,"Healthcare, Health Information Services"
GEV,GE Vernova Inc.,Industrials,Specialty Industrial Machinery,0.5765485744252168,121892773888,"Industrials, Specialty Industrial Machinery"
GEN,Gen Digital Inc.,Technology,Software - Infrastructure,0.2734195049549888,17670352896,"Technology, Software - Infrastructure"
GNRC,Generac Holdlings Inc.,Industrials,Specialty Industrial Machinery,0.3934273551360957,7618572288,"Industrials, Specialty Industrial Machinery"
GD,General Dynamics Corporation,Industrials,Aerospace & Defense,0.2237395124183031,75518582784,"Industrials, Aerospace & Defense"
GIS,"General Mills, Inc.",Consumer Defensive,Packaged Foods,0.2185930363781857,30024966144,"Consumer Defensive, Packaged Foods"
GM,General Motors Company,Consumer Cyclical,Auto Manufacturers,0.3748292036683339,48100593664,"Consumer Cyclical, Auto Manufacturers"
GPC,Genuine Parts Company,Consumer Cyclical,Auto Parts,0.334746260394689,17916399616,"Consumer Cyclical, Auto Parts"
GILD,"Gilead Sciences, Inc.",Healthcare,Drug Manufacturers - General,0.2740266468620482,132055613440,"Healthcare, Drug Manufacturers - General"
GPN,Global Payments Inc.,Industrials,Specialty Business Services,0.389056531695006,19717697536,"Industrials, Specialty Business Services"
GL,Globe Life Inc.,Financial Services,Insurance - Life,0.27349137463187845,10173102080,"Financial Services, Insurance - Life"
GDDY,GoDaddy Inc.,Technology,Software - Infrastructure,0.3147409609423093,27055622144,"Technology, Software - Infrastructure"
GS,"Goldman Sachs Group, Inc. (The)",Financial Services,Capital Markets,0.34355639407199523,187878735872,"Financial Services, Capital Markets"
HAL,Halliburton Company,Energy,Oil & Gas Equipment & Services,0.393263916798828,17942253568,"Energy, Oil & Gas Equipment & Services"
HIG,"The Hartford Insurance Group, I",Financial Services,Insurance - Property & Casualty,0.2363687258131224,37407842304,"Financial Services, Insurance - Property & Casualty"
HAS,"Hasbro, Inc.",Consumer Cyclical,Leisure,0.36613724167467826,9553994752,"Consumer Cyclical, Leisure"
HCA,"HCA Healthcare, Inc.",Healthcare,Medical Care Facilities,0.2874198834245729,93075677184,"Healthcare, Medical Care Facilities"
DOC,"Healthpeak Properties, Inc.",Real Estate,REIT - Healthcare Facilities,0.22856896852383599,12310650880,"Real Estate, REIT - Healthcare Facilities"
HSIC,"Henry Schein, Inc.",Healthcare,Medical Distribution,0.28550964842425214,8744364032,"Healthcare, Medical Distribution"
HSY,The Hershey Company,Consumer Defensive,Confectioners,0.26954161978691876,31717656576,"Consumer Defensive, Confectioners"
HES,Hess Corporation,Energy,Oil & Gas E&P,0.28932015279949846,41068093440,"Energy, Oil & Gas E&P"
HPE,Hewlett Packard Enterprise Comp,Technology,Communication Equipment,0.48090724619788855,22935105536,"Technology, Communication Equipment"
HLT,Hilton Worldwide Holdings Inc.,Consumer Cyclical,Lodging,0.2550749000518908,60958167040,"Consumer Cyclical, Lodging"
HOLX,"Hologic, Inc.",Healthcare,Medical Instruments & Supplies,0.2407492305418787,12575142912,"Healthcare, Medical Instruments & Supplies"
HD,"Home Depot, Inc. (The)",Consumer Cyclical,Home Improvement Retail,0.23055066064191077,377076416512,"Consumer Cyclical, Home Improvement Retail"
HON,Honeywell International Inc.,Industrials,Conglomerates,0.24616733164797858,144694231040,"Industrials, Conglomerates"
HRL,Hormel Foods Corporation,Consumer Defensive,Packaged Foods,0.2368075342375262,16563381248,"Consumer Defensive, Packaged Foods"
HST,"Host Hotels & Resorts, Inc.",Real Estate,REIT - Hotel & Motel,0.29575399280235776,10841987072,"Real Estate, REIT - Hotel & Motel"
HWM,Howmet Aerospace Inc.,Industrials,Aerospace & Defense,0.3878603114599536,67106766848,"Industrials, Aerospace & Defense"
HPQ,HP Inc.,Technology,Computer Hardware,0.398956438513623,27432656896,"Technology, Computer Hardware"
HUBB,Hubbell Inc,Industrials,Electrical Equipment & Parts,0.3485501075108403,20856410112,"Industrials, Electrical Equipment & Parts"
HUM,Humana Inc.,Healthcare,Healthcare Plans,0.4315235765233951,29852207104,"Healthcare, Healthcare Plans"
HBAN,Huntington Bancshares Incorpora,Financial Services,Banks - Regional,0.33048296649196,23483779072,"Financial Services, Banks - Regional"
HII,"Huntington Ingalls Industries, ",Industrials,Aerospace & Defense,0.4431685863702139,8999487488,"Industrials, Aerospace & Defense"
IBM,International Business Machines,Technology,Information Technology Services,0.27871598723590424,249459458048,"Technology, Information Technology Services"
IEX,IDEX Corporation,Industrials,Specialty Industrial Machinery,0.2747469611932196,14348185600,"Industrials, Specialty Industrial Machinery"
IDXX,"IDEXX Laboratories, Inc.",Healthcare,Diagnostics & Research,0.3196694400231459,41954496512,"Healthcare, Diagnostics & Research"
ITW,Illinois Tool Works Inc.,Industrials,Specialty Industrial Machinery,0.22185406652730488,73843163136,"Industrials, Specialty Industrial Machinery"
INCY,Incyte Corporation,Healthcare,Biotechnology,0.34140263511499297,12351702016,"Healthcare, Biotechnology"
IR,Ingersoll Rand Inc.,Industrials,Specialty Industrial Machinery,0.3237628472218894,33709334528,"Industrials, Specialty Industrial Machinery"
PODD,Insulet Corporation,Healthcare,Medical Devices,0.4067497567782335,22930956288,"Healthcare, Medical Devices"
INTC,Intel Corporation,Technology,Semiconductors,0.6323879042934747,93259554816,"Technology, Semiconductors"
ICE,Intercontinental Exchange Inc.,Financial Services,Financial Data & Stock Exchanges,0.18668313144794238,101388394496,"Financial Services, Financial Data & Stock Exchanges"
IFF,International Flavors & Fragran,Basic Materials,Specialty Chemicals,0.27109017515348277,19782797312,"Basic Materials, Specialty Chemicals"
IP,International Paper Company,Consumer Cyclical,Packaging & Containers,0.35681401106011224,26652461056,"Consumer Cyclical, Packaging & Containers"
IPG,"Interpublic Group of Companies,",Communication Services,Advertising Agencies,0.27679675391887903,9413452800,"Communication Services, Advertising Agencies"
INTU,Intuit Inc.,Technology,Software - Application,0.335937669612227,187546943488,"Technology, Software - Application"
ISRG,"Intuitive Surgical, Inc.",Healthcare,Medical Instruments & Supplies,0.34022319027845555,201298296832,"Healthcare, Medical Instruments & Supplies"
IVZ,Invesco Ltd,Financial Services,Asset Management,0.3778886466609608,6861033472,"Financial Services, Asset Management"
INVH,Invitation Homes Inc.,Real Estate,REIT - Residential,0.22587382541646991,21085446144,"Real Estate, REIT - Residential"
IQV,"IQVIA Holdings, Inc.",Healthcare,Diagnostics & Research,0.3370635172194197,24832419840,"Healthcare, Diagnostics & Research"
IRM,Iron Mountain Incorporated (Del,Real Estate,REIT - Specialty,0.33129660204210865,29817145344,"Real Estate, REIT - Specialty"
JBHT,"J.B. Hunt Transport Services, I",Industrials,Integrated Freight & Logistics,0.33585368448805697,14506218496,"Industrials, Integrated Freight & Logistics"
JBL,Jabil Inc.,Technology,Electronic Components,0.40678405801645506,17973848064,"Technology, Electronic Components"
JKHY,"Jack Henry & Associates, Inc.",Technology,Information Technology Services,0.21692067786193037,13419259904,"Technology, Information Technology Services"
J,Jacobs Solutions Inc.,Industrials,Engineering & Construction,0.24502188248535353,15482101760,"Industrials, Engineering & Construction"
JNJ,Johnson & Johnson,Healthcare,Drug Manufacturers - General,0.19206368690022352,366901624832,"Healthcare, Drug Manufacturers - General"
JCI,Johnson Controls International ,Industrials,Building Products & Equipment,0.319725393118736,64396476416,"Industrials, Building Products & Equipment"
JPM,JP Morgan Chase & Co.,Financial Services,Banks - Diversified,0.2851125214957939,736125321216,"Financial Services, Banks - Diversified"
JNPR,"Juniper Networks, Inc.",Technology,Communication Equipment,0.14563552326523826,12081258496,"Technology, Communication Equipment"
K,Kellanova,Consumer Defensive,Packaged Foods,0.2110905661838026,28587773952,"Consumer Defensive, Packaged Foods"
KVUE,Kenvue Inc.,Consumer Defensive,Household & Personal Products,0.277608079333891,46077841408,"Consumer Defensive, Household & Personal Products"
KDP,Keurig Dr Pepper Inc.,Consumer Defensive,Beverages - Non-Alcoholic,0.19124102928755587,45947568128,"Consumer Defensive, Beverages - Non-Alcoholic"
KEY,KeyCorp,Financial Services,Banks - Regional,0.3771690524990913,18072049664,"Financial Services, Banks - Regional"
KEYS,Keysight Technologies Inc.,Technology,Scientific & Technical Instruments,0.3770836607087119,28128448512,"Technology, Scientific & Technical Instruments"
KMB,Kimberly-Clark Corporation,Consumer Defensive,Household & Personal Products,0.19728899574951747,46716370944,"Consumer Defensive, Household & Personal Products"
KIM,Kimco Realty Corporation (HC),Real Estate,REIT - Retail,0.2392266527456509,14659667968,"Real Estate, REIT - Retail"
KMI,"Kinder Morgan, Inc.",Energy,Oil & Gas Midstream,0.25568055060827977,62237556736,"Energy, Oil & Gas Midstream"
KKR,KKR & Co. Inc.,Financial Services,Asset Management,0.46604859124014436,116104601600,"Financial Services, Asset Management"
KLAC,KLA Corporation,Technology,Semiconductor Equipment & Materials,0.49504045898379917,104074993664,"Technology, Semiconductor Equipment & Materials"
KHC,The Kraft Heinz Company,Consumer Defensive,Packaged Foods,0.22701266887379265,32997093376,"Consumer Defensive, Packaged Foods"
KR,Kroger Company (The),Consumer Defensive,Grocery Stores,0.23799769069263238,45917220864,"Consumer Defensive, Grocery Stores"
LHX,"L3Harris Technologies, Inc.",Industrials,Aerospace & Defense,0.21956398099254087,43178917888,"Industrials, Aerospace & Defense"
LH,Labcorp Holdings Inc.,Healthcare,Diagnostics & Research,0.24369263049703455,20908259328,"Healthcare, Diagnostics & Research"
LRCX,Lam Research Corporation,Technology,Semiconductor Equipment & Materials,0.5249790886355209,107215839232,"Technology, Semiconductor Equipment & Materials"
LW,"Lamb Weston Holdings, Inc.",Consumer Defensive,Packaged Foods,0.49606960953540613,7556761600,"Consumer Defensive, Packaged Foods"
LVS,Las Vegas Sands Corp.,Consumer Cyclical,Resorts & Casinos,0.3669157741549144,29897431040,"Consumer Cyclical, Resorts & Casinos"
LDOS,"Leidos Holdings, Inc.",Technology,Information Technology Services,0.3010289961674892,20534542336,"Technology, Information Technology Services"
LEN,Lennar Corporation,Consumer Cyclical,Residential Construction,0.3233606822683123,29220476928,"Consumer Cyclical, Residential Construction"
LII,"Lennox International, Inc.",Industrials,Building Products & Equipment,0.33743778627335114,21449496576,"Industrials, Building Products & Equipment"
LLY,Eli Lilly and Company,Healthcare,Drug Manufacturers - General,0.384866383265764,677889441792,"Healthcare, Drug Manufacturers - General"
LIN,Linde plc,Basic Materials,Specialty Chemicals,0.18479378920306075,216688377856,"Basic Materials, Specialty Chemicals"
LYV,"Live Nation Entertainment, Inc.",Communication Services,Entertainment,0.30493073042252505,34371788800,"Communication Services, Entertainment"
LKQ,LKQ Corporation,Consumer Cyclical,Auto Parts,0.3028110944424976,10924823552,"Consumer Cyclical, Auto Parts"
LMT,Lockheed Martin Corporation,Industrials,Aerospace & Defense,0.23563531206898178,110836064256,"Industrials, Aerospace & Defense"
L,Loews Corporation,Financial Services,Insurance - Property & Casualty,0.21531720847070654,18751105024,"Financial Services, Insurance - Property & Casualty"
LOW,"Lowe's Companies, Inc.",Consumer Cyclical,Home Improvement Retail,0.2477310708744923,131211870208,"Consumer Cyclical, Home Improvement Retail"
LULU,lululemon athletica inc.,Consumer Cyclical,Apparel Retail,0.4453603498508155,38894497792,"Consumer Cyclical, Apparel Retail"
LYB,LyondellBasell Industries NV,Basic Materials,Specialty Chemicals,0.3127471941646113,19020451840,"Basic Materials, Specialty Chemicals"
MTB,M&T Bank Corporation,Financial Services,Banks - Regional,0.298573529292149,30071066624,"Financial Services, Banks - Regional"
MPC,Marathon Petroleum Corporation,Energy,Oil & Gas Refining & Marketing,0.36062695475154416,49851621376,"Energy, Oil & Gas Refining & Marketing"
MKTX,"MarketAxess Holdings, Inc.",Financial Services,Capital Markets,0.2955484439291103,8228622848,"Financial Services, Capital Markets"
MAR,Marriott International,Consumer Cyclical,Lodging,0.2850090123903819,74825646080,"Consumer Cyclical, Lodging"
MMC,"Marsh & McLennan Companies, Inc",Financial Services,Insurance Brokers,0.1771563912082274,114234056704,"Financial Services, Insurance Brokers"
MLM,"Martin Marietta Materials, Inc.",Basic Materials,Building Materials,0.25863051614196175,34253561856,"Basic Materials, Building Materials"
MAS,Masco Corporation,Industrials,Building Products & Equipment,0.3046817407222696,14076160000,"Industrials, Building Products & Equipment"
MA,Mastercard Incorporated,Financial Services,Credit Services,0.21158523376799712,532508344320,"Financial Services, Credit Services"
MTCH,"Match Group, Inc.",Communication Services,Internet Content & Information,0.40770318245335985,7339584000,"Communication Services, Internet Content & Information"
MKC,"McCormick & Company, Incorporat",Consumer Defensive,Packaged Foods,0.22117699002022614,19940390912,"Consumer Defensive, Packaged Foods"
MCD,McDonald's Corporation,Consumer Cyclical,Restaurants,0.2027522170328943,229690064896,"Consumer Cyclical, Restaurants"
MCK,McKesson Corporation,Healthcare,Medical Distribution,0.27917884964168654,90800005120,"Healthcare, Medical Distribution"
MDT,Medtronic plc.,Healthcare,Medical Devices,0.21728395952362314,111542509568,"Healthcare, Medical Devices"
MRK,"Merck & Company, Inc.",Healthcare,Drug Manufacturers - General,0.27826142898793527,193926856704,"Healthcare, Drug Manufacturers - General"
META,"Meta Platforms, Inc.",Communication Services,Internet Content & Information,0.37148237570216996,1610252419072,"Communication Services, Internet Content & Information"
MET,"MetLife, Inc.",Financial Services,Insurance - Life,0.2944083799345775,54287867904,"Financial Services, Insurance - Life"
MTD,"Mettler-Toledo International, I",Healthcare,Diagnostics & Research,0.3367820865356622,24089341952,"Healthcare, Diagnostics & Research"
MGM,MGM Resorts International,Consumer Cyclical,Resorts & Casinos,0.4379264191276893,9163255808,"Consumer Cyclical, Resorts & Casinos"
MCHP,Microchip Technology Incorporat,Technology,Semiconductors,0.5952553440505656,32575696896,"Technology, Semiconductors"
MU,"Micron Technology, Inc.",Technology,Semiconductors,0.640090172532466,110248288256,"Technology, Semiconductors"
MSFT,Microsoft Corporation,Technology,Software - Infrastructure,0.2576243060649718,3410569723904,"Technology, Software - Infrastructure"
MAA,Mid-America Apartment Communiti,Real Estate,REIT - Residential,0.21330204947332257,19379836928,"Real Estate, REIT - Residential"
MRNA,"Moderna, Inc.",Healthcare,Biotechnology,0.6949166894933507,10206121984,"Healthcare, Biotechnology"
MHK,"Mohawk Industries, Inc.",Consumer Cyclical,"Furnishings, Fixtures & Appliances",0.4245090451179283,6725156352,"Consumer Cyclical, Furnishings, Fixtures & Appliances"
MOH,Molina Healthcare Inc,Healthcare,Healthcare Plans,0.45426505259396077,17633970176,"Healthcare, Healthcare Plans"
TAP,Molson Coors Beverage Company,Consumer Defensive,Beverages - Brewers,0.2579304290258369,11451126784,"Consumer Defensive, Beverages - Brewers"
MDLZ,"Mondelez International, Inc.",Consumer Defensive,Confectioners,0.21128571636856974,85095571456,"Consumer Defensive, Confectioners"
MPWR,"Monolithic Power Systems, Inc.",Technology,Semiconductors,0.6662376200056392,33630433280,"Technology, Semiconductors"
MNST,Monster Beverage Corporation,Consumer Defensive,Beverages - Non-Alcoholic,0.25542055164458094,61342973952,"Consumer Defensive, Beverages - Non-Alcoholic"
MCO,Moody's Corporation,Financial Services,Financial Data & Stock Exchanges,0.2642347814876368,88547491840,"Financial Services, Financial Data & Stock Exchanges"
MS,Morgan Stanley,Financial Services,Capital Markets,0.3423971044269667,209909219328,"Financial Services, Capital Markets"
MOS,Mosaic Company (The),Basic Materials,Agricultural Inputs,0.37507902892418754,11214115840,"Basic Materials, Agricultural Inputs"
MSI,"Motorola Solutions, Inc.",Technology,Communication Equipment,0.22490624312344445,70987710464,"Technology, Communication Equipment"
MSCI,MSCI Inc.,Financial Services,Financial Data & Stock Exchanges,0.2505566286324282,44306792448,"Financial Services, Financial Data & Stock Exchanges"
NDAQ,"Nasdaq, Inc.",Financial Services,Financial Data & Stock Exchanges,0.23977436713912148,47055036416,"Financial Services, Financial Data & Stock Exchanges"
NTAP,"NetApp, Inc.",Technology,Computer Hardware,0.378028133491101,20953456640,"Technology, Computer Hardware"
NFLX,"Netflix, Inc.",Communication Services,Entertainment,0.32572430391773244,507127431168,"Communication Services, Entertainment"
NEM,Newmont Corporation,Basic Materials,Gold,0.37136560898237064,56685088768,"Basic Materials, Gold"
NWSA,News Corporation,Communication Services,Entertainment,0.23571293048504482,16904482816,"Communication Services, Entertainment"
NWS,News Corporation,Communication Services,Entertainment,0.24010033776184392,16795857920,"Communication Services, Entertainment"
NEE,"NextEra Energy, Inc.",Utilities,Utilities - Regulated Electric,0.2870147162250217,152050417664,"Utilities, Utilities - Regulated Electric"
NKE,"Nike, Inc.",Consumer Cyclical,Footwear & Accessories,0.40764723049556345,91629461504,"Consumer Cyclical, Footwear & Accessories"
NI,NiSource Inc,Utilities,Utilities - Regulated Gas,0.1941087686479025,18790463488,"Utilities, Utilities - Regulated Gas"
NDSN,Nordson Corporation,Industrials,Specialty Industrial Machinery,0.29609595544470735,11635597312,"Industrials, Specialty Industrial Machinery"
NSC,Norfolk Southern Corporation,Industrials,Railroads,0.2964324043585118,54956486656,"Industrials, Railroads"
NTRS,Northern Trust Corporation,Financial Services,Asset Management,0.2857114232510559,21008267264,"Financial Services, Asset Management"
NOC,Northrop Grumman Corporation,Industrials,Aerospace & Defense,0.2572195446664108,67807358976,"Industrials, Aerospace & Defense"
NCLH,Norwegian Cruise Line Holdings ,Consumer Cyclical,Travel Services,0.5256788338085682,8449120256,"Consumer Cyclical, Travel Services"
NRG,"NRG Energy, Inc.",Utilities,Utilities - Independent Power Producers,0.5521119976611092,31524032512,"Utilities, Utilities - Independent Power Producers"
NUE,Nucor Corporation,Basic Materials,Steel,0.3940407822529892,26725580800,"Basic Materials, Steel"
NVDA,NVIDIA Corporation,Technology,Semiconductors,0.6005572666382776,3306227236864,"Technology, Semiconductors"
NVR,"NVR, Inc.",Consumer Cyclical,Residential Construction,0.2598896853864184,21383489536,"Consumer Cyclical, Residential Construction"
NXPI,NXP Semiconductors N.V.,Technology,Semiconductors,0.4774154978253162,53143035904,"Technology, Semiconductors"
OXY,Occidental Petroleum Corporatio,Energy,Oil & Gas E&P,0.33724955765860937,41638666240,"Energy, Oil & Gas E&P"
ODFL,"Old Dominion Freight Line, Inc.",Industrials,Trucking,0.3908620952582763,36265480192,"Industrials, Trucking"
OMC,Omnicom Group Inc.,Communication Services,Advertising Agencies,0.28135293109936327,15071384576,"Communication Services, Advertising Agencies"
ON,ON Semiconductor Corporation,Technology,Semiconductors,0.5843903900215563,18320078848,"Technology, Semiconductors"
OKE,"ONEOK, Inc.",Energy,Oil & Gas Midstream,0.311965345254242,52925071360,"Energy, Oil & Gas Midstream"
ORCL,Oracle Corporation,Technology,Software - Infrastructure,0.4270889813671825,447667273728,"Technology, Software - Infrastructure"
OTIS,Otis Worldwide Corporation,Industrials,Specialty Industrial Machinery,0.22374690337859568,38891470848,"Industrials, Specialty Industrial Machinery"
PCAR,PACCAR Inc.,Industrials,Farm & Heavy Construction Machinery,0.30617313942405083,50926272512,"Industrials, Farm & Heavy Construction Machinery"
PKG,Packaging Corporation of Americ,Consumer Cyclical,Packaging & Containers,0.2501572994893077,17495711744,"Consumer Cyclical, Packaging & Containers"
PLTR,Palantir Technologies Inc.,Technology,Software - Infrastructure,0.724401145022774,298127425536,"Technology, Software - Infrastructure"
PANW,"Palo Alto Networks, Inc.",Technology,Software - Infrastructure,0.3623244531301623,128646029312,"Technology, Software - Infrastructure"
PARA,Paramount Global,Communication Services,Entertainment,0.34437581693555375,8385403904,"Communication Services, Entertainment"
PH,Parker-Hannifin Corporation,Industrials,Specialty Industrial Machinery,0.3496614590663241,86797041664,"Industrials, Specialty Industrial Machinery"
PAYX,"Paychex, Inc.",Technology,Software - Application,0.22866732662375905,56978616320,"Technology, Software - Application"
PAYC,"Paycom Software, Inc.",Technology,Software - Application,0.4187783152249556,14560628736,"Technology, Software - Application"
PYPL,"PayPal Holdings, Inc.",Financial Services,Credit Services,0.3754450441287768,70333587456,"Financial Services, Credit Services"
PNR,Pentair plc.,Industrials,Specialty Industrial Machinery,0.31305573390049596,16587613184,"Industrials, Specialty Industrial Machinery"
PEP,"Pepsico, Inc.",Consumer Defensive,Beverages - Non-Alcoholic,0.19775271124327826,180694614016,"Consumer Defensive, Beverages - Non-Alcoholic"
PFE,"Pfizer, Inc.",Healthcare,Drug Manufacturers - General,0.24535749999913042,130763505664,"Healthcare, Drug Manufacturers - General"
PCG,Pacific Gas & Electric Co.,Utilities,Utilities - Regulated Electric,0.2631154754643355,38986846208,"Utilities, Utilities - Regulated Electric"
PM,Philip Morris International Inc,Consumer Defensive,Tobacco,0.25093074187626113,269542555648,"Consumer Defensive, Tobacco"
PSX,Phillips 66,Energy,Oil & Gas Refining & Marketing,0.3513996143336419,49780649984,"Energy, Oil & Gas Refining & Marketing"
PNW,Pinnacle West Capital Corporati,Utilities,Utilities - Regulated Electric,0.18371461912199358,11042020352,"Utilities, Utilities - Regulated Electric"
PNC,"PNC Financial Services Group, I",Financial Services,Banks - Regional,0.2736567270009221,70664093696,"Financial Services, Banks - Regional"
POOL,Pool Corporation,Industrials,Industrial Distribution,0.3305332803243361,12122572800,"Industrials, Industrial Distribution"
PPG,"PPG Industries, Inc.",Basic Materials,Specialty Chemicals,0.2745317561875722,25934163968,"Basic Materials, Specialty Chemicals"
PPL,PPL Corporation,Utilities,Utilities - Regulated Electric,0.18166989916942947,25889026048,"Utilities, Utilities - Regulated Electric"
PFG,Principal Financial Group Inc,Financial Services,Asset Management,0.2897986034202117,18226728960,"Financial Services, Asset Management"
PG,Procter & Gamble Company (The),Consumer Defensive,Household & Personal Products,0.19296519432698434,386309849088,"Consumer Defensive, Household & Personal Products"
PGR,Progressive Corporation (The),Financial Services,Insurance - Property & Casualty,0.24667095769298836,168973205504,"Financial Services, Insurance - Property & Casualty"
PLD,"Prologis, Inc.",Real Estate,REIT - Industrial,0.29329245669650017,102675013632,"Real Estate, REIT - Industrial"
PRU,"Prudential Financial, Inc.",Financial Services,Insurance - Life,0.2893862866012936,38225678336,"Financial Services, Insurance - Life"
PEG,Public Service Enterprise Group,Utilities,Utilities - Regulated Electric,0.22573583586528104,39805071360,"Utilities, Utilities - Regulated Electric"
PTC,PTC Inc.,Technology,Software - Application,0.27327588485978804,20677834752,"Technology, Software - Application"
PSA,Public Storage,Real Estate,REIT - Industrial,0.23748994570778328,54288879616,"Real Estate, REIT - Industrial"
PHM,"PulteGroup, Inc.",Consumer Cyclical,Residential Construction,0.34235299155244664,20658012160,"Consumer Cyclical, Residential Construction"
PWR,"Quanta Services, Inc.",Industrials,Engineering & Construction,0.42501736346966323,51085680640,"Industrials, Engineering & Construction"
QCOM,QUALCOMM Incorporated,Technology,Semiconductors,0.43679065619689195,168762589184,"Technology, Semiconductors"
DGX,Quest Diagnostics Incorporated,Healthcare,Diagnostics & Research,0.21962272741297253,19884425216,"Healthcare, Diagnostics & Research"
RL,Ralph Lauren Corporation,Consumer Cyclical,Apparel Manufacturing,0.41071529586417743,17150066688,"Consumer Cyclical, Apparel Manufacturing"
RJF,"Raymond James Financial, Inc.",Financial Services,Asset Management,0.29980986042431784,31031937024,"Financial Services, Asset Management"
RTX,RTX Corporation,Industrials,Aerospace & Defense,0.2627719030482371,183292329984,"Industrials, Aerospace & Defense"
O,Realty Income Corporation,Real Estate,REIT - Retail,0.1873859612230191,50798252032,"Real Estate, REIT - Retail"
REG,Regency Centers Corporation,Real Estate,REIT - Retail,0.19861033119608862,13523233792,"Real Estate, REIT - Retail"
REGN,"Regeneron Pharmaceuticals, Inc.",Healthcare,Biotechnology,0.3212427186141567,64405438464,"Healthcare, Biotechnology"
RF,Regions Financial Corporation,Financial Services,Banks - Regional,0.30792566031286556,20261881856,"Financial Services, Banks - Regional"
RSG,"Republic Services, Inc.",Industrials,Waste Management,0.1817027533768462,78239866880,"Industrials, Waste Management"
RMD,ResMed Inc.,Healthcare,Medical Instruments & Supplies,0.3383113111708914,37147955200,"Healthcare, Medical Instruments & Supplies"
RVTY,"Revvity, Inc.",Healthcare,Diagnostics & Research,0.3422629585073104,11115141120,"Healthcare, Diagnostics & Research"
ROK,"Rockwell Automation, Inc.",Industrials,Specialty Industrial Machinery,0.36868126491485914,34739073024,"Industrials, Specialty Industrial Machinery"
ROL,"Rollins, Inc.",Consumer Cyclical,Personal Services,0.22249275043774983,27833221120,"Consumer Cyclical, Personal Services"
ROP,"Roper Technologies, Inc.",Technology,Software - Application,0.21522210956611668,62409228288,"Technology, Software - Application"
ROST,"Ross Stores, Inc.",Consumer Cyclical,Apparel Retail,0.2512464291853815,50725928960,"Consumer Cyclical, Apparel Retail"
RCL,Royal Caribbean Cruises Ltd.,Consumer Cyclical,Travel Services,0.4447619815956979,68984389632,"Consumer Cyclical, Travel Services"
SPGI,S&P Global Inc.,Financial Services,Financial Data & Stock Exchanges,0.22066462210986085,160787775488,"Financial Services, Financial Data & Stock Exchanges"
CRM,"Salesforce, Inc.",Technology,Software - Application,0.3902742041394286,275973505024,"Technology, Software - Application"
SBAC,SBA Communications Corporation,Real Estate,REIT - Specialty,0.27217633070274844,25304371200,"Real Estate, REIT - Specialty"
SLB,Schlumberger N.V.,Energy,Oil & Gas Equipment & Services,0.3565338510614477,47432208384,"Energy, Oil & Gas Equipment & Services"
STX,Seagate Technology Holdings PLC,Technology,Computer Hardware,0.4134670898550375,23140141056,"Technology, Computer Hardware"
SRE,DBA Sempra,Utilities,Utilities - Diversified,0.3060225777444865,51149692928,"Utilities, Utilities - Diversified"
NOW,"ServiceNow, Inc.",Technology,Software - Application,0.43826185136324347,212312817664,"Technology, Software - Application"
SHW,Sherwin-Williams Company (The),Basic Materials,Specialty Chemicals,0.2470446258360163,90717560832,"Basic Materials, Specialty Chemicals"
SPG,"Simon Property Group, Inc.",Real Estate,REIT - Retail,0.27508106918730485,62035599360,"Real Estate, REIT - Retail"
SWKS,"Skyworks Solutions, Inc.",Technology,Semiconductors,0.5184327686986983,11198689280,"Technology, Semiconductors"
SJM,The J.M. Smucker Company,Consumer Defensive,Packaged Foods,0.2468909680540288,12071945216,"Consumer Defensive, Packaged Foods"
SW,Smurfit WestRock plc,Consumer Cyclical,Packaging & Containers,0.41145283536077554,24216182784,"Consumer Cyclical, Packaging & Containers"
SNA,Snap-On Incorporated,Industrials,Tools & Accessories,0.25840298958666624,17356429312,"Industrials, Tools & Accessories"
SOLV,Solventum Corporation,Healthcare,Medical Instruments & Supplies,0.34192897853359167,13109193728,"Healthcare, Medical Instruments & Supplies"
SO,Southern Company (The),Utilities,Utilities - Regulated Electric,0.19039144398238872,98445000704,"Utilities, Utilities - Regulated Electric"
LUV,Southwest Airlines Company,Industrials,Airlines,0.40803830943012914,18571931648,"Industrials, Airlines"
SWK,"Stanley Black & Decker, Inc.",Industrials,Tools & Accessories,0.4395621952916082,10925832192,"Industrials, Tools & Accessories"
SBUX,Starbucks Corporation,Consumer Cyclical,Restaurants,0.41539807553203667,96150806528,"Consumer Cyclical, Restaurants"
STT,State Street Corporation,Financial Services,Asset Management,0.2800925478857562,28027688960,"Financial Services, Asset Management"
STLD,"Steel Dynamics, Inc.",Basic Materials,Steel,0.377481470652609,20198649856,"Basic Materials, Steel"
STE,STERIS plc (Ireland),Healthcare,Medical Devices,0.22666459744246903,24813240320,"Healthcare, Medical Devices"
SYK,Stryker Corporation,Healthcare,Medical Devices,0.22067198915324826,150836707328,"Healthcare, Medical Devices"
SMCI,"Super Micro Computer, Inc.",Technology,Computer Hardware,1.1436573077472316,26731479040,"Technology, Computer Hardware"
SYF,Synchrony Financial,Financial Services,Credit Services,0.44669300897918773,22858452992,"Financial Services, Credit Services"
SNPS,"Synopsys, Inc.",Technology,Software - Infrastructure,0.40579110085057246,79785467904,"Technology, Software - Infrastructure"
SYY,Sysco Corporation,Consumer Defensive,Food Distribution,0.21788671887070235,35386896384,"Consumer Defensive, Food Distribution"
TMUS,"T-Mobile US, Inc.",Communication Services,Telecom Services,0.26820706668567124,277333671936,"Communication Services, Telecom Services"
TROW,"T. Rowe Price Group, Inc.",Financial Services,Asset Management,0.28909521951457184,21582155776,"Financial Services, Asset Management"
TTWO,"Take-Two Interactive Software, ",Communication Services,Electronic Gaming & Multimedia,0.30325193362505887,41558286336,"Communication Services, Electronic Gaming & Multimedia"
TPR,"Tapestry, Inc.",Consumer Cyclical,Luxury Goods,0.41734873316742993,17107426304,"Consumer Cyclical, Luxury Goods"
TRGP,"Targa Resources, Inc.",Energy,Oil & Gas Midstream,0.35359928800592266,35713515520,"Energy, Oil & Gas Midstream"
TGT,Target Corporation,Consumer Defensive,Discount Stores,0.40732896758811804,44522733568,"Consumer Defensive, Discount Stores"
TEL,TE Connectivity plc,Technology,Electronic Components,0.27704240981832673,48298610688,"Technology, Electronic Components"
TDY,Teledyne Technologies Incorpora,Technology,Scientific & Technical Instruments,0.23675384554772938,23290947584,"Technology, Scientific & Technical Instruments"
TER,"Teradyne, Inc.",Technology,Semiconductor Equipment & Materials,0.5358478916756847,13069417472,"Technology, Semiconductor Equipment & Materials"
TSLA,"Tesla, Inc.",Consumer Cyclical,Auto Manufacturers,0.7276178384383782,1101858209792,"Consumer Cyclical, Auto Manufacturers"
TXN,Texas Instruments Incorporated,Technology,Semiconductors,0.39026042324504334,171101618176,"Technology, Semiconductors"
TPL,Texas Pacific Land Corporation,Energy,Oil & Gas E&P,0.5613547242552198,32642095104,"Energy, Oil & Gas E&P"
TXT,Textron Inc.,Industrials,Aerospace & Defense,0.28253061246912653,13796790272,"Industrials, Aerospace & Defense"
TMO,Thermo Fisher Scientific Inc,Healthcare,Diagnostics & Research,0.27033615889909873,156252323840,"Healthcare, Diagnostics & Research"
TJX,"TJX Companies, Inc. (The)",Consumer Cyclical,Apparel Retail,0.18908977115327125,150759636992,"Consumer Cyclical, Apparel Retail"
TKO,"TKO Group Holdings, Inc.",Communication Services,Entertainment,0.3108725913287419,13405773824,"Communication Services, Entertainment"
TSCO,Tractor Supply Company,Consumer Cyclical,Specialty Retail,0.2935321682876441,28053041152,"Consumer Cyclical, Specialty Retail"
TT,Trane Technologies plc,Industrials,Building Products & Equipment,0.28967261961948565,96078381056,"Industrials, Building Products & Equipment"
TDG,Transdigm Group Incorporated,Industrials,Aerospace & Defense,0.2796393493116563,80880623616,"Industrials, Aerospace & Defense"
TRV,"The Travelers Companies, Inc.",Financial Services,Insurance - Property & Casualty,0.2601206299273824,62202253312,"Financial Services, Insurance - Property & Casualty"
TRMB,Trimble Inc.,Technology,Scientific & Technical Instruments,0.34701165127926337,17104303104,"Technology, Scientific & Technical Instruments"
TFC,Truist Financial Corporation,Financial Services,Banks - Regional,0.3131824232806997,54214955008,"Financial Services, Banks - Regional"
TYL,"Tyler Technologies, Inc.",Technology,Software - Application,0.26113211018265964,24756770816,"Technology, Software - Application"
TSN,"Tyson Foods, Inc.",Consumer Defensive,Farm Products,0.2303385192462138,19966914560,"Consumer Defensive, Farm Products"
USB,U.S. Bancorp,Financial Services,Banks - Regional,0.2977381132359835,69784166400,"Financial Services, Banks - Regional"
UBER,"Uber Technologies, Inc.",Technology,Software - Application,0.43722597698946697,193349582848,"Technology, Software - Application"
UDR,"UDR, Inc.",Real Estate,REIT - Residential,0.2232585713282651,15920540672,"Real Estate, REIT - Residential"
ULTA,"Ulta Beauty, Inc.",Consumer Cyclical,Specialty Retail,0.38814216423282105,18514702336,"Consumer Cyclical, Specialty Retail"
UNP,Union Pacific Corporation,Industrials,Railroads,0.23956684409242326,137120735232,"Industrials, Railroads"
UAL,"United Airlines Holdings, Inc.",Industrials,Airlines,0.5611722479705178,25677371392,"Industrials, Airlines"
UPS,"United Parcel Service, Inc.",Industrials,Integrated Freight & Logistics,0.3208027076295797,83998900224,"Industrials, Integrated Freight & Logistics"
URI,"United Rentals, Inc.",Industrials,Rental & Leasing Services,0.3911517861260119,47057973248,"Industrials, Rental & Leasing Services"
UNH,UnitedHealth Group Incorporated,Healthcare,Healthcare Plans,0.4428129950375044,286556454912,"Healthcare, Healthcare Plans"
UHS,"Universal Health Services, Inc.",Healthcare,Medical Care Facilities,0.3455649831673868,12683159552,"Healthcare, Medical Care Facilities"
VLO,Valero Energy Corporation,Energy,Oil & Gas Refining & Marketing,0.37597296150896325,42072965120,"Energy, Oil & Gas Refining & Marketing"
VTR,"Ventas, Inc.",Real Estate,REIT - Healthcare Facilities,0.22793791762964957,29555503104,"Real Estate, REIT - Healthcare Facilities"
VLTO,Veralto Corp,Industrials,Pollution & Treatment Controls,0.2204546455901335,25328914432,"Industrials, Pollution & Treatment Controls"
VRSN,"VeriSign, Inc.",Technology,Software - Infrastructure,0.2207090114992807,26525810688,"Technology, Software - Infrastructure"
VRSK,"Verisk Analytics, Inc.",Industrials,Consulting Services,0.2129915705007373,43972534272,"Industrials, Consulting Services"
VZ,Verizon Communications Inc.,Communication Services,Telecom Services,0.22699757385905436,186822049792,"Communication Services, Telecom Services"
VRTX,Vertex Pharmaceuticals Incorpor,Healthcare,Biotechnology,0.28675130697590495,113160167424,"Healthcare, Biotechnology"
VTRS,Viatris Inc.,Healthcare,Drug Manufacturers - Specialty & Generic,0.35743054692266396,10281437184,"Healthcare, Drug Manufacturers - Specialty & Generic"
VICI,VICI Properties Inc.,Real Estate,REIT - Diversified,0.198203996706953,33973229568,"Real Estate, REIT - Diversified"
V,Visa Inc.,Financial Services,Credit Services,0.2195974990009571,704774995968,"Financial Services, Credit Services"
VST,Vistra Corp.,Utilities,Utilities - Independent Power Producers,0.7533610577994632,53383712768,"Utilities, Utilities - Independent Power Producers"
VMC,Vulcan Materials Company (Holdi,Basic Materials,Building Materials,0.2719018389451511,36462026752,"Basic Materials, Building Materials"
WRB,W.R. Berkley Corporation,Financial Services,Insurance - Property & Casualty,0.24148747156325578,28004059136,"Financial Services, Insurance - Property & Casualty"
GWW,"W.W. Grainger, Inc.",Industrials,Industrial Distribution,0.2321107074232938,52862816256,"Industrials, Industrial Distribution"
WAB,Westinghouse Air Brake Technolo,Industrials,Railroads,0.2805702597440538,35450462208,"Industrials, Railroads"
WBA,"Walgreens Boots Alliance, Inc.",Healthcare,Pharmaceutical Retailers,0.630310405282492,9728302080,"Healthcare, Pharmaceutical Retailers"
WMT,Walmart Inc.,Consumer Defensive,Discount Stores,0.24088702754765998,785047355392,"Consumer Defensive, Discount Stores"
DIS,Walt Disney Company (The),Communication Services,Entertainment,0.30476380657957386,202534518784,"Communication Services, Entertainment"
WBD,"Warner Bros. Discovery, Inc. - ",Communication Services,Entertainment,0.5715167190301743,22390333440,"Communication Services, Entertainment"
WM,"Waste Management, Inc.",Industrials,Waste Management,0.20465573753710484,93338533888,"Industrials, Waste Management"
WAT,Waters Corporation,Healthcare,Diagnostics & Research,0.3818579770324113,21335797760,"Healthcare, Diagnostics & Research"
WEC,"WEC Energy Group, Inc.",Utilities,Utilities - Regulated Electric,0.17740885659232497,34230315008,"Utilities, Utilities - Regulated Electric"
WFC,Wells Fargo & Company,Financial Services,Banks - Diversified,0.3392868923927058,247512924160,"Financial Services, Banks - Diversified"
WELL,Welltower Inc.,Real Estate,REIT - Healthcare Facilities,0.21352867495419317,98517868544,"Real Estate, REIT - Healthcare Facilities"
WST,"West Pharmaceutical Services, I",Healthcare,Medical Instruments & Supplies,0.5501307960181405,15606257664,"Healthcare, Medical Instruments & Supplies"
WDC,Western Digital Corporation,Technology,Computer Hardware,0.48953275936589813,17695092736,"Technology, Computer Hardware"
WY,Weyerhaeuser Company,Real Estate,REIT - Specialty,0.26516192824810875,19219734528,"Real Estate, REIT - Specialty"
WSM,"Williams-Sonoma, Inc.",Consumer Cyclical,Specialty Retail,0.553810310108259,21525147648,"Consumer Cyclical, Specialty Retail"
WMB,"Williams Companies, Inc. (The)",Energy,Oil & Gas Midstream,0.26510254885122986,71477927936,"Energy, Oil & Gas Midstream"
WTW,Willis Towers Watson Public Lim,Financial Services,Insurance Brokers,0.20318217998356913,31125106688,"Financial Services, Insurance Brokers"
WDAY,"Workday, Inc.",Technology,Software - Application,0.37186115617967536,73102827520,"Technology, Software - Application"
WYNN,"Wynn Resorts, Limited",Consumer Cyclical,Resorts & Casinos,0.4017281150718871,10094689280,"Consumer Cyclical, Resorts & Casinos"
XEL,Xcel Energy Inc.,Utilities,Utilities - Regulated Electric,0.20648238689953696,41647915008,"Utilities, Utilities - Regulated Electric"
XYL,Xylem Inc.,Industrials,Specialty Industrial Machinery,0.25789054683406837,31148929024,"Industrials, Specialty Industrial Machinery"
YUM,"Yum! Brands, Inc.",Consumer Cyclical,Restaurants,0.22117958113714656,41597460480,"Consumer Cyclical, Restaurants"
ZBRA,Zebra Technologies Corporation,Technology,Communication Equipment,0.4020151009103635,15145427968,"Technology, Communication Equipment"
ZBH,"Zimmer Biomet Holdings, Inc.",Healthcare,Medical Devices,0.2637846271851455,18947901440,"Healthcare, Medical Devices"
ZTS,Zoetis Inc.,Healthcare,Drug Manufacturers - Specialty & Generic,0.25794368720580757,72987402240,"Healthcare, Drug Manufacturers - Specialty & Generic"
